user,name,time,message
"::1","User","Fri Dec 09 2022 08:36:42 GMT-0800 (Pacific Standard Time)","Hello friends"
"::1","User","Fri Dec 09 2022 08:36:43 GMT-0800 (Pacific Standard Time)","ads"
"::1","User","Fri Dec 09 2022 08:36:44 GMT-0800 (Pacific Standard Time)","fad"
"::1","User","Fri Dec 09 2022 08:36:44 GMT-0800 (Pacific Standard Time)","fd"
"::1","User","Fri Dec 09 2022 08:36:44 GMT-0800 (Pacific Standard Time)","fa"
"::1","User","Fri Dec 09 2022 08:36:44 GMT-0800 (Pacific Standard Time)","as"
"::1","User","Fri Dec 09 2022 08:36:45 GMT-0800 (Pacific Standard Time)","fa"
"::1","User","Fri Dec 09 2022 08:36:45 GMT-0800 (Pacific Standard Time)","f"
"::1","User","Fri Dec 09 2022 08:37:27 GMT-0800 (Pacific Standard Time)","Hello"
"::1","User","Fri Dec 09 2022 08:37:28 GMT-0800 (Pacific Standard Time)","d"
"::1","User","Fri Dec 09 2022 08:37:28 GMT-0800 (Pacific Standard Time)","d"
"::1","User","Fri Dec 09 2022 08:37:29 GMT-0800 (Pacific Standard Time)","sa"
"::1","User","Fri Dec 09 2022 08:37:29 GMT-0800 (Pacific Standard Time)","d"
"::1","User","Fri Dec 09 2022 08:37:29 GMT-0800 (Pacific Standard Time)","fad"
"::1","User","Fri Dec 09 2022 08:37:30 GMT-0800 (Pacific Standard Time)","a"
"::1","User","Fri Dec 09 2022 08:37:30 GMT-0800 (Pacific Standard Time)","f"
"::1","User","Sat Dec 10 2022 14:42:00 GMT-0800 (Pacific Standard Time)","a"
"::1","User","Sat Dec 10 2022 14:42:00 GMT-0800 (Pacific Standard Time)","sdfa"
"::1","User","Sat Dec 10 2022 14:42:00 GMT-0800 (Pacific Standard Time)","sdf"
"::1","User","Sat Dec 10 2022 14:42:01 GMT-0800 (Pacific Standard Time)","adf"
"::1","User","Sat Dec 10 2022 14:42:01 GMT-0800 (Pacific Standard Time)","ad"
"::1","User","Sat Dec 10 2022 14:42:01 GMT-0800 (Pacific Standard Time)","ad"
"::1","User","Sat Dec 10 2022 14:42:01 GMT-0800 (Pacific Standard Time)","f"
"::1","User","Mon Dec 12 2022 10:26:42 GMT-0800 (Pacific Standard Time)","Hello"
"::1","Person","Mon Dec 12 2022 10:26:57 GMT-0800 (Pacific Standard Time)","Helo"
"::1","Person","Mon Dec 12 2022 10:26:59 GMT-0800 (Pacific Standard Time)","hi"
"::1","User","Mon Dec 12 2022 10:27:05 GMT-0800 (Pacific Standard Time)","how are you?"
